
--MEMBER
INSERT INTO MEMBER (ID,M_PW,M_NAME,M_ADDRESS,M_EMAIL,M_REGDATE) VALUES('wupee7273','1234','허정연','남양주','wupee7273@naver.com',NOW());
INSERT INTO MEMBER (ID,M_PW,M_NAME,M_ADDRESS,M_EMAIL,M_REGDATE) VALUES('apple','1234','이재호','','apple@naver.com',NOW());
INSERT INTO MEMBER (ID,M_PW,M_NAME,M_ADDRESS,M_EMAIL,M_REGDATE) VALUES('hwan','1234','이재환','','hwan@naver.com',NOW());
INSERT INTO MEMBER (ID,M_PW,M_NAME,M_ADDRESS,M_EMAIL,M_REGDATE) VALUES('jiwon','1234','강지원','','jiwon@naver.com',NOW());
INSERT INTO MEMBER (ID,M_PW,M_NAME,M_ADDRESS,M_EMAIL,M_REGDATE) VALUES('iku135','1234','이민경','봉천동','iku135@naver.com',NOW());
INSERT INTO MEMBER (ID,M_PW,M_NAME,M_ADDRESS,M_EMAIL,M_REGDATE) VALUES('admin','admin','관리자','','admin@naver.com',NOW());


--BOARD
INSERT INTO BOARD (B_TITLE, B_CONTENT, B_ID, B_DATE) VALUES('등산 장비','등산 장비 추천좀 부탁드려요','jiwon',NOW());
INSERT INTO BOARD (B_TITLE, B_CONTENT, B_ID, B_DATE) VALUES('오늘 날씨가 좋네요','날씨가 좋아서 관악산 왔습니다','iku135',NOW());
INSERT INTO BOARD (B_TITLE, B_CONTENT, B_ID, B_DATE) VALUES('설악산 같이 가실분','3월 31일 갈 예정인데 같이 가실분 있나요?','wupee7273',NOW());
INSERT INTO BOARD (B_TITLE, B_CONTENT, B_ID, B_DATE) VALUES('안녕하세요','이번에 커뮤 가입했습니다.','apple',NOW());
INSERT INTO BOARD (B_TITLE, B_CONTENT, B_ID, B_DATE) VALUES('초보 코스','등린이인데 등산 초보코스 있을까요?','hwan',NOW());
INSERT INTO BOARD (B_TITLE, B_CONTENT, B_ID, B_DATE) VALUES('백두산','언제 한번 꼭 가보고 싶네요','apple',NOW());
INSERT INTO BOARD (B_TITLE, B_CONTENT, B_ID, B_DATE) VALUES('야호!','산 정상에서 외치는 기분좋은 소리!','hwan',NOW());
INSERT INTO BOARD (B_TITLE, B_CONTENT, B_ID, B_DATE) VALUES('등산할때','뱀 조심하세요 여러분','iku135',NOW());
INSERT INTO BOARD (B_TITLE, B_CONTENT, B_ID, B_DATE) VALUES('산오르미','여기 괜찮네요 동호회가입보다 좋은듯','jiwon',NOW());
INSERT INTO BOARD (B_TITLE, B_CONTENT, B_ID, B_DATE) VALUES('등산 에티켓','담배는 NO 쓰레기 NO 우리 잘 지켜봐요','wupee7273',NOW());
INSERT INTO BOARD (B_TITLE, B_CONTENT, B_ID, B_DATE) VALUES('여러분','다들 한달에 몇번 등산하세요?','jiwon',NOW());
INSERT INTO BOARD (B_TITLE, B_CONTENT, B_ID, B_DATE) VALUES('등산 꿀팁','등산 꿀팁있나요?','iku135',NOW());
INSERT INTO BOARD (B_TITLE, B_CONTENT, B_ID, B_DATE) VALUES('키야 역시','산타고 내려와서 먹는 막걸리가 최고야!','wupee7273',NOW());
INSERT INTO BOARD (B_TITLE, B_CONTENT, B_ID, B_DATE) VALUES('초콜릿팝니다','단돈 49900원에 맛있는 초콜릿을 팔아요','apple',NOW());
INSERT INTO BOARD (B_TITLE, B_CONTENT, B_ID, B_DATE) VALUES('<오픈이벤트>술술','술술 오픈이벤트! 소주 한병 5000->3000 많이들 찾아주세요~','hwan',NOW());
INSERT INTO BOARD (B_TITLE, B_CONTENT, B_ID, B_DATE) VALUES('아 **','욕하고싶은 하루인데여','apple',NOW());
INSERT INTO BOARD (B_TITLE, B_CONTENT, B_ID, B_DATE) VALUES('지팡이','산 올라갈때 쓸 지팡이 추천해주세요','hwan',NOW());
INSERT INTO BOARD (B_TITLE, B_CONTENT, B_ID, B_DATE) VALUES('조심하세요','요즘 산에서 범죄가 많다고 해요 다들 조심하세요','iku135',NOW());
INSERT INTO BOARD (B_TITLE, B_CONTENT, B_ID, B_DATE) VALUES('산불..','제발 다들 산을 아껴주셨으면 좋겠네요.. 마음이 아파요..','jiwon',NOW());
INSERT INTO BOARD (B_TITLE, B_CONTENT, B_ID, B_DATE) VALUES('산냄새','저는 산냄새가 너무 좋아요 푸릇푸릇~한 냄새? 다들 아시죠?','wupee7273',NOW());



--BCOMMENT
-- 댓글
INSERT INTO BCOMMENT (BC_ID, B_NUM,BC_CONTENT,BC_GROUP, BC_DATE) VALUES ('iku135',10,'좋아요! 저도 꼭 지켜볼게요',(SELECT COALESCE(MAX(BC_GROUP),0)+1 FROM BCOMMENT AS BC_GROUP WHERE B_NUM = 10 ), NOW());
INSERT INTO BCOMMENT (BC_ID, B_NUM,BC_CONTENT,BC_GROUP, BC_DATE) VALUES ('iku135',7,'메아리 울리면 기분이 그렇게 좋을수가 없죠~',(SELECT COALESCE(MAX(BC_GROUP),0)+1 FROM BCOMMENT AS BC_GROUP WHERE B_NUM = 7 ), NOW());
INSERT INTO BCOMMENT (BC_ID, B_NUM,BC_CONTENT,BC_GROUP, BC_DATE) VALUES ('iku135',4,'안녕하세요~~~',(SELECT COALESCE(MAX(BC_GROUP),0)+1 FROM BCOMMENT AS BC_GROUP WHERE B_NUM = 4 ), NOW());
INSERT INTO BCOMMENT (BC_ID, B_NUM,BC_CONTENT,BC_GROUP, BC_DATE) VALUES ('iku135',6,'북한사세요?',(SELECT COALESCE(MAX(BC_GROUP),0)+1 FROM BCOMMENT AS BC_GROUP WHERE B_NUM = 6 ), NOW());
INSERT INTO BCOMMENT (BC_ID, B_NUM,BC_CONTENT,BC_GROUP, BC_DATE) VALUES ('jiwon',2,'오 관악산 저도 한번 가보고싶네요',(SELECT COALESCE(MAX(BC_GROUP),0)+1 FROM BCOMMENT AS BC_GROUP WHERE B_NUM = 2 ), NOW());
INSERT INTO BCOMMENT (BC_ID, B_NUM,BC_CONTENT,BC_GROUP, BC_DATE) VALUES ('jiwon',10,'우리 모두 지켜봅시다!',(SELECT COALESCE(MAX(BC_GROUP),0)+1 FROM BCOMMENT AS BC_GROUP WHERE B_NUM = 10 ), NOW());
INSERT INTO BCOMMENT (BC_ID, B_NUM,BC_CONTENT,BC_GROUP, BC_DATE) VALUES ('jiwon',3,'저요!',(SELECT COALESCE(MAX(BC_GROUP),0)+1 FROM BCOMMENT AS BC_GROUP WHERE B_NUM = 3 ), NOW());
INSERT INTO BCOMMENT (BC_ID, B_NUM,BC_CONTENT,BC_GROUP, BC_DATE) VALUES ('jiwon',4,'잘지내봐용~~',(SELECT COALESCE(MAX(BC_GROUP),0)+1 FROM BCOMMENT AS BC_GROUP WHERE B_NUM = 4 ), NOW());
INSERT INTO BCOMMENT (BC_ID, B_NUM,BC_CONTENT,BC_GROUP, BC_DATE) VALUES ('wupee7273',5,'동네 뒷산부터 시작하는거 어떤가요?',(SELECT COALESCE(MAX(BC_GROUP),0)+1 FROM BCOMMENT AS BC_GROUP WHERE B_NUM = 5 ), NOW());
INSERT INTO BCOMMENT (BC_ID, B_NUM,BC_CONTENT,BC_GROUP, BC_DATE) VALUES ('wupee7273',2,'기분이 좋아요~!!',(SELECT COALESCE(MAX(BC_GROUP),0)+1 FROM BCOMMENT AS BC_GROUP WHERE B_NUM = 2 ), NOW());
-- 대댓글
INSERT INTO BCOMMENT (BC_ID, B_NUM,BC_CONTENT,BC_GROUP,BC_SQE, BC_DATE) VALUES('apple',6,'아뇨.. 그건 아니죠',1,(SELECT COALESCE(MAX(BCC.BC_SQE),0)+1 FROM BCOMMENT AS BCC WHERE B_NUM=6 GROUP BY BC_GROUP HAVING BC_GROUP = 1), NOW() );
INSERT INTO BCOMMENT (BC_ID, B_NUM,BC_CONTENT,BC_GROUP,BC_SQE, BC_DATE) VALUES('apple',4,'네 잘부탁드립니다',2,(SELECT COALESCE(MAX(BCC.BC_SQE),0)+1 FROM BCOMMENT AS BCC WHERE B_NUM=4 GROUP BY BC_GROUP HAVING BC_GROUP = 2), NOW() );
INSERT INTO BCOMMENT (BC_ID, B_NUM,BC_CONTENT,BC_GROUP,BC_SQE, BC_DATE) VALUES('apple',4,'네 안녕하세요',1,(SELECT COALESCE(MAX(BCC.BC_SQE),0)+1 FROM BCOMMENT AS BCC WHERE B_NUM=4 GROUP BY BC_GROUP HAVING BC_GROUP = 1), NOW() );
INSERT INTO BCOMMENT (BC_ID, B_NUM,BC_CONTENT,BC_GROUP,BC_SQE, BC_DATE) VALUES('hwan',6,'ㅋㅋㅋㅋㅋ 그럴리가요',1,(SELECT COALESCE(MAX(BCC.BC_SQE),0)+1 FROM BCOMMENT AS BCC WHERE B_NUM=6 GROUP BY BC_GROUP HAVING BC_GROUP = 1), NOW() );
INSERT INTO BCOMMENT (BC_ID, B_NUM,BC_CONTENT,BC_GROUP,BC_SQE, BC_DATE) VALUES('hwan',5,'오.. 감사합니다',1,(SELECT COALESCE(MAX(BCC.BC_SQE),0)+1 FROM BCOMMENT AS BCC WHERE B_NUM=5 GROUP BY BC_GROUP HAVING BC_GROUP = 1), NOW() );
INSERT INTO BCOMMENT (BC_ID, B_NUM,BC_CONTENT,BC_GROUP,BC_SQE, BC_DATE) VALUES('hawn',7,'저도 그것때문에 등산합니다',1,(SELECT COALESCE(MAX(BCC.BC_SQE),0)+1 FROM BCOMMENT AS BCC WHERE B_NUM=7 GROUP BY BC_GROUP HAVING BC_GROUP = 1), NOW() );
INSERT INTO BCOMMENT (BC_ID, B_NUM,BC_CONTENT,BC_GROUP,BC_SQE, BC_DATE) VALUES('iku135',2,'관악산 정말 괜찮은거같아요!',1,(SELECT COALESCE(MAX(BCC.BC_SQE),0)+1 FROM BCOMMENT AS BCC WHERE B_NUM=2 GROUP BY BC_GROUP HAVING BC_GROUP = 1), NOW() );
INSERT INTO BCOMMENT (BC_ID, B_NUM,BC_CONTENT,BC_GROUP,BC_SQE, BC_DATE) VALUES('iku135',2,'좋은일있으셨나봐요 저도 덩달아 기분이 좋아지네요^^',2,(SELECT COALESCE(MAX(BCC.BC_SQE),0)+1 FROM BCOMMENT AS BCC WHERE B_NUM=2 GROUP BY BC_GROUP HAVING BC_GROUP = 2), NOW() );
INSERT INTO BCOMMENT (BC_ID, B_NUM,BC_CONTENT,BC_GROUP,BC_SQE, BC_DATE) VALUES('wupee7273',10,'지켜보겠습니다 ㅎㅎ',1,(SELECT COALESCE(MAX(BCC.BC_SQE),0)+1 FROM BCOMMENT AS BCC WHERE B_NUM=10 GROUP BY BC_GROUP HAVING BC_GROUP = 1), NOW() );
INSERT INTO BCOMMENT (BC_ID, B_NUM,BC_CONTENT,BC_GROUP,BC_SQE, BC_DATE) VALUES('wupee7273',10,'좋아용~~',2,(SELECT COALESCE(MAX(BCC.BC_SQE),0)+1 FROM BCOMMENT AS BCC WHERE B_NUM=10 GROUP BY BC_GROUP HAVING BC_GROUP = 2), NOW() );


--QNA
INSERT INTO QNA (Q_TITLE, Q_CONTENT, Q_ID, Q_DATE) VALUES('내가 쓴 글','내 게시글 조회는 어디에서 가능한가요?','apple',NOW());
INSERT INTO QNA (Q_TITLE, Q_CONTENT, Q_ID, Q_DATE) VALUES('아이디','아이디는 바꿀 수 없는건가요?','wupee7273',NOW());
INSERT INTO QNA (Q_TITLE, Q_CONTENT, Q_ID, Q_DATE) VALUES('산오르미','언제 만들어졌는지 궁금해요!','apple',NOW());
INSERT INTO QNA (Q_TITLE, Q_CONTENT, Q_ID, Q_DATE) VALUES('커뮤니티 킹','그런게 있다던데 되면 혜택이 따로 있을까요?','jiwon',NOW());
INSERT INTO QNA (Q_TITLE, Q_CONTENT, Q_ID, Q_DATE) VALUES('게시글 TOP5','게시글 TOP5에 오르면 뭐가 좋은가요?','jiwon',NOW());
INSERT INTO QNA (Q_TITLE, Q_CONTENT, Q_ID, Q_DATE) VALUES('삭제','제가 쓴 글을 한번에 삭제하는 방법은 없을까요? 너무 귀찮아요..','iku135',NOW());
INSERT INTO QNA (Q_TITLE, Q_CONTENT, Q_ID, Q_DATE) VALUES('남의 글','신고하면 어떻게 되나요?','hwan',NOW());
INSERT INTO QNA (Q_TITLE, Q_CONTENT, Q_ID, Q_DATE) VALUES('탈퇴문의','탈퇴하고 싶은데 개인정보는 어떻게 되나요?','apple',NOW());
INSERT INTO QNA (Q_TITLE, Q_CONTENT, Q_ID, Q_DATE) VALUES('재가입','탈퇴 후 바로 재가입이 가능할까요?','iku135',NOW());
INSERT INTO QNA (Q_TITLE, Q_CONTENT, Q_ID, Q_DATE) VALUES('댓글 삭제','제 게시글에 달린 남의 댓글을 지우고싶은데 방법이 없을까요?','wupee7273',NOW());

INSERT INTO QNA (Q_TITLE, Q_CONTENT, Q_ID, Q_DATE) VALUES('명산소개','명산소개 지도 역할은 무엇인가요?','apple',NOW());
INSERT INTO QNA (Q_TITLE, Q_CONTENT, Q_ID, Q_DATE) VALUES('비밀번호 변경','비밀번호 어디서 바꾸나요?','wupee7273',NOW());
INSERT INTO QNA (Q_TITLE, Q_CONTENT, Q_ID, Q_DATE) VALUES('신고 방법','신고하는 방법 좀 알려주세요','apple',NOW());
INSERT INTO QNA (Q_TITLE, Q_CONTENT, Q_ID, Q_DATE) VALUES('신고 처리','신고하면 어떻게 처리되나요?','jiwon',NOW());
INSERT INTO QNA (Q_TITLE, Q_CONTENT, Q_ID, Q_DATE) VALUES('커뮤니티왕 누적','커뮤니티왕 누적인가요? 기간이 있나요? ','jiwon',NOW());
INSERT INTO QNA (Q_TITLE, Q_CONTENT, Q_ID, Q_DATE) VALUES('댓글 삭제','댓글 삭제하면 다른사람이 쓴 대댓글은 어떻게 되나요?','iku135',NOW());
INSERT INTO QNA (Q_TITLE, Q_CONTENT, Q_ID, Q_DATE) VALUES('산오르미 이용하면 무엇이 좋은가요?','산오르미 이용하면 좋은점 알려주세요!','hwan',NOW());
INSERT INTO QNA (Q_TITLE, Q_CONTENT, Q_ID, Q_DATE) VALUES('SNS 가입','SNS 가입 시 이용 못하는 기능이 있나요?','apple',NOW());
INSERT INTO QNA (Q_TITLE, Q_CONTENT, Q_ID, Q_DATE) VALUES('회원가입 주소','주소 입력 안하면 어떻게 되나요?','iku135',NOW());
INSERT INTO QNA (Q_TITLE, Q_CONTENT, Q_ID, Q_DATE) VALUES('커뮤니티 공개 범위','커뮤니티 공개 범위가 어떻게 되나요?','wupee7273',NOW());

INSERT INTO QNA (Q_TITLE, Q_CONTENT, Q_ID, Q_DATE) VALUES('상품 구매','등산 용품 구매도 가능한가요?','apple',NOW());
INSERT INTO QNA (Q_TITLE, Q_CONTENT, Q_ID, Q_DATE) VALUES('산 추천','명산소개 산 말고 다른 산도 추천해주세요','wupee7273',NOW());
INSERT INTO QNA (Q_TITLE, Q_CONTENT, Q_ID, Q_DATE) VALUES('신고당한 사람','신고 당하면 어떻게 되나요?','apple',NOW());
INSERT INTO QNA (Q_TITLE, Q_CONTENT, Q_ID, Q_DATE) VALUES('잘못 신고','잘못 신고하면 어떻게 되나요?','jiwon',NOW());

INSERT INTO QNA (Q_TITLE, Q_CONTENT, Q_ID, Q_DATE) VALUES('사이트를 이렇게 잘 만든 비법은?','제발 좀 알려주세용','jiwon',NOW());
INSERT INTO QNA (Q_TITLE, Q_CONTENT, Q_ID, Q_DATE) VALUES('산오르미 웹페이지 특장점?','있나요','iku135',NOW());
INSERT INTO QNA (Q_TITLE, Q_CONTENT, Q_ID, Q_DATE) VALUES('앞으로 추가할 기능?','추가되는 기능 있나요?','hwan',NOW());
INSERT INTO QNA (Q_TITLE, Q_CONTENT, Q_ID, Q_DATE) VALUES('SNS 회원 탈퇴 어떻게 하나요?','SNS 가입 시 회원 탈퇴 어떻게 하나요','apple',NOW());
INSERT INTO QNA (Q_TITLE, Q_CONTENT, Q_ID, Q_DATE) VALUES('회원 가입 시 동의 받는 이유','이유가 따로 있나요','iku135',NOW());
INSERT INTO QNA (Q_TITLE, Q_CONTENT, Q_ID, Q_DATE) VALUES('추천 사용 매뉴얼','있나요?','wupee7273',NOW());



--QCOMMENT
--댓글
INSERT INTO QCOMMENT (QC_ID, Q_NUM,QC_CONTENT,QC_GROUP, QC_DATE) VALUES ('admin',1,'안녕하세요:) 내 게시글 조회는 마이페이지에서 가능합니다.',(SELECT COALESCE(MAX(QC_GROUP),0)+1 FROM QCOMMENT AS QC_GROUP WHERE Q_NUM = 1 ), NOW());
INSERT INTO QCOMMENT (QC_ID, Q_NUM,QC_CONTENT,QC_GROUP, QC_DATE) VALUES ('admin',2,'안녕하세요:) 죄송하지만 아이디는 변경하실 수 없습니다.',(SELECT COALESCE(MAX(QC_GROUP),0)+1 FROM QCOMMENT AS QC_GROUP WHERE Q_NUM = 2 ), NOW());
INSERT INTO QCOMMENT (QC_ID, Q_NUM,QC_CONTENT,QC_GROUP, QC_DATE) VALUES ('admin',3,'안녕하세요:) 산오르미는 2023-02-02에 정식으로 오픈하였습니다.',(SELECT COALESCE(MAX(QC_GROUP),0)+1 FROM QCOMMENT AS QC_GROUP WHERE Q_NUM = 3 ), NOW());
INSERT INTO QCOMMENT (QC_ID, Q_NUM,QC_CONTENT,QC_GROUP, QC_DATE) VALUES ('admin',4,'안녕하세요:) 죄송하지만 따로 혜택은 없습니다.',(SELECT COALESCE(MAX(QC_GROUP),0)+1 FROM QCOMMENT AS QC_GROUP WHERE Q_NUM = 4 ), NOW());
INSERT INTO QCOMMENT (QC_ID, Q_NUM,QC_CONTENT,QC_GROUP, QC_DATE) VALUES ('admin',5,'안녕하세요:) 게시글을 인정받은거니까 기분이 좋습니다.',(SELECT COALESCE(MAX(QC_GROUP),0)+1 FROM QCOMMENT AS QC_GROUP WHERE Q_NUM = 5 ), NOW());
INSERT INTO QCOMMENT (QC_ID, Q_NUM,QC_CONTENT,QC_GROUP, QC_DATE) VALUES ('admin',6,'안녕하세요:) 죄송하지만 한번에 삭제하는 방법은 따로 없습니다.',(SELECT COALESCE(MAX(QC_GROUP),0)+1 FROM QCOMMENT AS QC_GROUP WHERE Q_NUM = 6 ), NOW());
INSERT INTO QCOMMENT (QC_ID, Q_NUM,QC_CONTENT,QC_GROUP, QC_DATE) VALUES ('admin',7,'안녕하세요:) 게시글을 신고하게 되면 관리자의 판단에 따라 처리됩니다.',(SELECT COALESCE(MAX(QC_GROUP),0)+1 FROM QCOMMENT AS QC_GROUP WHERE Q_NUM = 7 ), NOW());
INSERT INTO QCOMMENT (QC_ID, Q_NUM,QC_CONTENT,QC_GROUP, QC_DATE) VALUES ('admin',8,'안녕하세요:) 탈퇴 시 개인정보는 모두 소멸됩니다.',(SELECT COALESCE(MAX(QC_GROUP),0)+1 FROM QCOMMENT AS QC_GROUP WHERE Q_NUM = 8 ), NOW());
INSERT INTO QCOMMENT (QC_ID, Q_NUM,QC_CONTENT,QC_GROUP, QC_DATE) VALUES ('admin',9,'안녕하세요:) 네 탈퇴후 재가입 바로 가능합니다.',(SELECT COALESCE(MAX(QC_GROUP),0)+1 FROM QCOMMENT AS QC_GROUP WHERE Q_NUM = 9 ), NOW());
INSERT INTO QCOMMENT (QC_ID, Q_NUM,QC_CONTENT,QC_GROUP, QC_DATE) VALUES ('admin',10,'안녕하세요:) 죄송하지만 게시글 삭제를 하는 방법 외에는 남의 글은 삭제할 수 없습니다.',(SELECT COALESCE(MAX(QC_GROUP),0)+1 FROM QCOMMENT AS QC_GROUP WHERE Q_NUM = 10 ), NOW());
-- 대댓글
INSERT INTO QCOMMENT (QC_ID, Q_NUM,QC_CONTENT,QC_GROUP,QC_SQE, QC_DATE) VALUES('apple',1,'감사합니다',1,(SELECT COALESCE(MAX(QCC.QC_SQE),0)+1 FROM QCOMMENT AS QCC WHERE Q_NUM=1 GROUP BY QC_GROUP HAVING QC_GROUP = 1), NOW() );
INSERT INTO QCOMMENT (QC_ID, Q_NUM,QC_CONTENT,QC_GROUP,QC_SQE, QC_DATE) VALUES('wupee7273',2,'감사합니다',1,(SELECT COALESCE(MAX(QCC.QC_SQE),0)+1 FROM QCOMMENT AS QCC WHERE Q_NUM=2 GROUP BY QC_GROUP HAVING QC_GROUP = 1), NOW() );
INSERT INTO QCOMMENT (QC_ID, Q_NUM,QC_CONTENT,QC_GROUP,QC_SQE, QC_DATE) VALUES('apple',3,'감사합니다',1,(SELECT COALESCE(MAX(QCC.QC_SQE),0)+1 FROM QCOMMENT AS QCC WHERE Q_NUM=3 GROUP BY QC_GROUP HAVING QC_GROUP = 1), NOW() );
INSERT INTO QCOMMENT (QC_ID, Q_NUM,QC_CONTENT,QC_GROUP,QC_SQE, QC_DATE) VALUES('jiwon',4,'감사합니다',1,(SELECT COALESCE(MAX(QCC.QC_SQE),0)+1 FROM QCOMMENT AS QCC WHERE Q_NUM=4 GROUP BY QC_GROUP HAVING QC_GROUP = 1), NOW() );
INSERT INTO QCOMMENT (QC_ID, Q_NUM,QC_CONTENT,QC_GROUP,QC_SQE, QC_DATE) VALUES('jiwon',5,'감사합니다',1,(SELECT COALESCE(MAX(QCC.QC_SQE),0)+1 FROM QCOMMENT AS QCC WHERE Q_NUM=5 GROUP BY QC_GROUP HAVING QC_GROUP = 1), NOW() );
INSERT INTO QCOMMENT (QC_ID, Q_NUM,QC_CONTENT,QC_GROUP,QC_SQE, QC_DATE) VALUES('iku135',6,'감사합니다',1,(SELECT COALESCE(MAX(QCC.QC_SQE),0)+1 FROM QCOMMENT AS QCC WHERE Q_NUM=6 GROUP BY QC_GROUP HAVING QC_GROUP = 1), NOW() );
INSERT INTO QCOMMENT (QC_ID, Q_NUM,QC_CONTENT,QC_GROUP,QC_SQE, QC_DATE) VALUES('hwan',7,'감사합니다',1,(SELECT COALESCE(MAX(QCC.QC_SQE),0)+1 FROM QCOMMENT AS QCC WHERE Q_NUM=7 GROUP BY QC_GROUP HAVING QC_GROUP = 1), NOW() );
INSERT INTO QCOMMENT (QC_ID, Q_NUM,QC_CONTENT,QC_GROUP,QC_SQE, QC_DATE) VALUES('apple',8,'감사합니다',1,(SELECT COALESCE(MAX(QCC.QC_SQE),0)+1 FROM QCOMMENT AS QCC WHERE Q_NUM=8 GROUP BY QC_GROUP HAVING QC_GROUP = 1), NOW() );
INSERT INTO QCOMMENT (QC_ID, Q_NUM,QC_CONTENT,QC_GROUP,QC_SQE, QC_DATE) VALUES('iku135',9,'감사합니다',1,(SELECT COALESCE(MAX(QCC.QC_SQE),0)+1 FROM QCOMMENT AS QCC WHERE Q_NUM=9 GROUP BY QC_GROUP HAVING QC_GROUP = 1), NOW() );
INSERT INTO QCOMMENT (QC_ID, Q_NUM,QC_CONTENT,QC_GROUP,QC_SQE, QC_DATE) VALUES('wupee7273',10,'감사합니다',1,(SELECT COALESCE(MAX(QCC.QC_SQE),0)+1 FROM QCOMMENT AS QCC WHERE Q_NUM=10 GROUP BY QC_GROUP HAVING QC_GROUP = 1), NOW() );


